,P(x),P(y),D_In,D_In_max,D_In_min,D_Out,D_Out_max,D_Out_min,D_Cyl,D_Cyl_max,D_Cyl_min,Rz_In_max,Rz_In,Rz_Out_max,Rz_Out,Rz_Cyl_max,Rz_Cyl,Rt_In,Rt_Out,Rt_Cyl,Rq_In,Rq_Out,Rq_Cyl,Ra_In,Ra_Out,Ra_Cyl,Moy_F_T1&T2,Moy_F_T2&T3,Moy_F_T3&T4,Max_F_T1&T2,Max_F_T2&T3,Max_F_T3&T4,Moy_M_T1&T2,Moy_M_T2&T3,Moy_M_T3&T4,Max_M_T1&T2,Max_M_T2&T3,Max_M_T3&T4,Et_Consommee
0,0,0,6361.101,6390.165,6337.090999999999,6356.137,6379.951,6331.168000000001,6360.885,6386.48488,6337.592826,13.40161133,3.689795017,15.64282227,8.366699219,3.285400391,1.166601539,13.40161133,15.64282227,3.285400391,1.089762449,1.7022335530000001,0.47545191600000003,0.448710561,0.789645374,0.256140143,33.975032,53.628251,11.694397,40.333259999999996,60.19238000000001,57.84646800000001,0.039393,0.166414,0.22418400000000002,0.060992,0.265538,0.36441599999999996,203.42113899999998
1,0,-14800,6360.422,6382.916,6336.803000000001,6356.971,6385.83,6328.615,6361.655,6385.5259479999995,6338.788295,3.9819335939999996,1.59550786,8.959960938,4.600293159,1.520507813,0.81943357,3.9819335939999996,9.593505859,1.5859375,0.38182348,0.9718236920000001,0.307605833,0.220629379,0.500461996,0.23400268,39.723554,62.622232,14.035667000000002,46.471775,68.722535,63.219992000000005,0.042361,0.233616,0.338397,0.05513,0.40422199999999997,0.509717,311.625602
2,0,-29600,6361.12,6380.387,6342.378000000001,6355.781999999999,6368.56,6346.285,6361.503000000001,6384.172075,6340.074184,9.005859375,3.0961914060000004,5.4616699220000005,2.919872999,2.091552734,1.253710985,9.005859375,5.4616699220000005,2.428710938,0.751598477,0.581660748,0.503427386,0.303454965,0.340761214,0.349189132,41.288167,67.834519,14.707066000000001,48.169981,74.660174,69.274525,0.044052,0.270518,0.380102,0.058972000000000004,0.471183,0.541733,346.459683
3,0,-44400,6361.548000000001,6387.46,6335.5869999999995,6356.731,6374.355,6340.531,6362.44,6392.826233,6332.363617,10.73535156,3.701122999,5.484375,2.282275438,1.6770019530000002,0.904980481,10.73535156,5.484375,1.704589844,0.912857354,0.46955305299999994,0.34193542600000004,0.38341498399999996,0.246802568,0.228765875,44.174433,72.52640600000001,15.270365,49.695215000000005,80.390653,69.841536,0.046448,0.30744,0.406943,0.06543099999999999,0.506979,0.561767,365.95639900000003
4,0,-59200,6361.723000000001,6388.821999999999,6333.843000000001,6357.076999999999,6380.656999999999,6335.276999999999,6362.719,6391.846588,6334.568852,2.908203125,1.984521508,5.995605469,3.019238234,2.093017578,1.121289015,2.9409179689999996,5.995605469,2.238769531,0.383894354,0.67801559,0.41220518899999997,0.24315483899999998,0.378432184,0.302728891,45.326208,75.46774,16.967012,52.503333,86.261302,74.09843000000001,0.048299,0.310324,0.42134799999999994,0.066481,0.517174,0.5615829999999999,385.516179
5,7400,-7400,6361.161999999999,6386.688,6333.23,6352.789000000001,6380.182,6321.359,6361.187,6390.249536,6331.820581,6.584960937999999,2.363037109,3.0610351560000004,1.8351562019999998,1.814941406,1.1690918209999999,6.584960937999999,3.0610351560000004,1.814941406,0.48049733,0.38885629200000005,0.388355196,0.250735402,0.25166297,0.289018244,47.541527,80.36491600000001,18.865215,55.521627,91.477684,78.146546,0.050122,0.318756,0.427641,0.070576,0.525139,0.565917,397.828862
6,7400,-22200,6361.276999999999,6380.156999999999,6342.791,6353.355,6369.595,6340.893,6360.861999999999,6390.19089,6331.950559000001,7.3034667970000005,3.612841845,6.7727050779999995,3.650683641,2.155273438,1.478515625,7.3034667970000005,8.086914063,2.373046875,0.789115012,0.757620692,0.516834021,0.40347558299999997,0.42501410799999995,0.394161075,46.253235,79.939818,16.903563000000002,54.969081,91.853988,78.028942,0.049454000000000005,0.324899,0.418781,0.07255199999999999,0.5312560000000001,0.555996,391.262686
7,7400,-37000,6360.839,6383.468000000001,6339.778,6354.177,6375.335,6337.8730000000005,6361.508000000001,6382.209747,6341.485922999999,3.147216797,1.8687988519999998,11.01611328,4.386670113,1.687255859,1.099121094,3.147216797,11.01611328,1.731445313,0.404069424,0.994690657,0.349433929,0.25559622,0.423190057,0.256864637,48.125333000000005,83.21876,18.993177,55.546732999999996,94.627782,81.168564,0.050877,0.336741,0.430468,0.075588,0.539825,0.5665600000000001,395.765291
8,7400,-51800,6360.9619999999995,6375.735,6346.262,6355.806,6384.703,6324.48,6362.561,6382.100388,6342.416425,5.455566406,2.3828125,7.630371094,4.385156155,1.69921875,0.99521482,5.455566406,8.469482422,1.69921875,0.47479823200000004,0.807914197,0.35593158,0.267996818,0.416294605,0.28195709,48.138456,84.373255,19.855501,54.888932999999994,95.859933,81.54549300000001,0.05384,0.33467600000000003,0.43544700000000003,0.079679,0.532698,0.561415,408.71976800000004
9,7400,-66600,6361.874,6382.803000000001,6340.047,6354.111999999999,6376.545999999999,6335.626,6360.996,6380.783543,6343.2204329999995,4.2927246089999995,1.6320312019999998,4.6755371089999995,2.728808641,2.279296875,1.754345655,4.2927246089999995,4.6755371089999995,2.7905273439999996,0.40935215399999997,0.5191032289999999,0.541483939,0.245200709,0.316069931,0.38147431600000004,49.124188000000004,87.63297,19.398912,56.201609,100.872546,85.288797,0.053578999999999995,0.332598,0.425979,0.076968,0.5397489999999999,0.556269,397.37153
10,14800,0,6359.222,6387.2080000000005,6330.999,6351.7119999999995,6377.911999999999,6325.840999999999,6359.849,6386.8777549999995,6332.353818,11.47924805,3.531005859,13.73583984,5.8015136720000005,3.346923828,1.799853563,11.47924805,13.83374023,3.346923828,0.788431883,1.10340941,0.643295169,0.343426049,0.461056501,0.432480484,51.447697999999995,90.669089,19.765632999999998,58.719051,106.66946499999999,87.34402299999999,0.054265999999999995,0.355473,0.445049,0.077334,0.565628,0.577066,414.041022
11,14800,-14800,6359.72,6385.630999999999,6334.170999999999,6351.398,6371.4,6328.866,6360.228,6386.268276,6334.755488000001,6.9377441410000005,3.273486376,5.526367187999999,2.478564501,3.657958984,1.8893554209999999,6.9377441410000005,5.526367187999999,3.657958984,0.605628431,0.49755770000000005,0.628298283,0.30140447600000003,0.310792089,0.439112842,50.480168,91.117613,20.62902,60.037808,107.126804,88.22184399999999,0.056791999999999995,0.355087,0.4419,0.08728,0.561244,0.576902,425.598051
12,14800,-29600,6360.696999999999,6375.977,6345.303000000001,6352.425,6380.852,6321.378000000001,6361.311,6378.421651,6343.1552280000005,8.739746094,2.9354004860000003,13.36132813,6.8152341839999995,1.5988769530000002,1.1806151870000001,8.739746094,16.03320313,1.860351563,0.662508309,1.3318175079999999,0.420225888,0.30010417100000003,0.623245418,0.324499518,51.578157,91.605199,21.647064999999998,60.934456999999995,105.70633400000001,91.589736,0.05853,0.35402,0.46107,0.090264,0.563346,0.580965,433.79231500000003
13,14800,-44400,6360.113,6379.695,6341.081,6353.66,6377.326999999999,6332.9980000000005,6360.81,6384.356614,6338.49322,5.157226563,2.748779297,8.166503906,3.616748095,2.177490234,1.3311035629999999,5.157226563,8.166503906,2.360839844,0.462642014,0.7394528990000001,0.47283911700000003,0.258436024,0.41836342200000004,0.366265267,51.268343,93.30459499999999,22.781654,59.414995999999995,107.62260500000001,89.467735,0.060903,0.36662100000000003,0.46584200000000003,0.094628,0.564919,0.580868,437.66546100000005
14,14800,-59200,6360.674,6390.241999999999,6334.821999999999,6354.0380000000005,6370.634,6336.7390000000005,6362.691,6392.4299,6330.905605,4.2888183589999995,2.330468655,7.0002441410000005,3.322021484,2.030761719,1.3115723129999999,4.2888183589999995,7.002929687999999,2.314453125,0.492790878,0.687901855,0.418639153,0.284324229,0.355918795,0.29906859999999996,52.332933000000004,94.82479000000001,20.934788,60.196755,112.321591,91.971087,0.06135499999999999,0.36768,0.453979,0.094949,0.5722649999999999,0.58138,424.20791399999996
15,22200,-7400,6360.093000000001,6387.3640000000005,6333.545999999999,6350.805,6379.066,6324.929,6360.182,6385.265733,6335.292724,5.990234375,2.9018554689999996,5.6667480470000005,2.996337891,2.892822266,1.640869141,5.990234375,5.6667480470000005,3.29296875,0.613820016,0.594664454,0.5994440910000001,0.342982471,0.36948859700000003,0.44029539799999995,56.00500400000001,101.944925,23.879837,66.223649,118.730201,98.990942,0.062081,0.38551399999999997,0.47866499999999995,0.097454,0.602547,0.613267,453.462942
16,22200,-37000,6360.835,6387.959,6332.088000000001,6352.659000000001,6365.946,6340.276,6360.9580000000005,6389.859959,6330.417929,3.010742188,1.674755812,5.068847656,3.15170908,2.052001953,1.387695313,3.010742188,5.068847656,2.333251953,0.350159049,0.671349883,0.48706457,0.239684552,0.431893408,0.395282298,52.996178,98.86734399999999,21.365332000000002,61.840075,117.158969,95.064043,0.061707000000000005,0.388585,0.467271,0.097152,0.589486,0.5931810000000001,432.69571399999995
17,22200,-51800,6359.552,6375.47,6345.055,6353.7,6382.244000000001,6323.834,6360.982,6380.806013,6341.997257,2.554199219,1.393896461,6.650878906,3.6205565930000003,4.2189941410000005,1.851367235,2.554199219,6.650878906,4.2189941410000005,0.304192275,0.727452219,0.706210852,0.205065072,0.38859152799999996,0.44352874200000003,54.934527,100.77244,24.262869,64.880735,118.562731,95.921712,0.06230599999999999,0.375475,0.47772299999999995,0.101725,0.58209,0.598386,447.70188600000006
18,22200,-66600,6360.13,6390.773,6329.366,6353.363,6375.073,6330.263000000001,6359.937,6389.235528,6333.094664,2.468505859,1.546826124,7.018066406,3.462597609,2.7358398439999996,1.4952636959999999,2.638671875,7.051269531,2.7358398439999996,0.323080152,0.729642272,0.51567626,0.22367557899999999,0.40596088799999996,0.37640655,55.315084999999996,102.084835,25.439641,63.345711,121.110955,99.31720200000001,0.061595000000000004,0.364629,0.45439700000000005,0.099503,0.564367,0.586863,446.60732699999994
19,29600,0,6359.156,6381.418000000001,6335.5509999999995,6350.044,6374.779,6325.071999999999,6358.943,6391.1908189999995,6327.138154,2.976318359,1.711376905,4.18359375,2.386767626,3.537109375,2.10874033,3.272216797,4.18359375,3.933349609,0.378756046,0.5797032120000001,0.688789845,0.262208581,0.362576485,0.471692502,57.829997,106.661915,24.864697,66.900522,126.826955,103.698319,0.065038,0.394307,0.484026,0.10178,0.604078,0.614737,457.72438700000004
20,29600,-14800,6359.593000000001,6389.43,6332.906,6350.982,6377.241,6324.357,6359.89,6382.186965999999,6337.9744789999995,3.499023438,1.7784668209999999,11.15356445,5.747998237999999,4.643310547,2.2530274390000002,3.499023438,12.4128418,4.643310547,0.36166742399999996,1.263871312,0.8042053579999999,0.227017209,0.64726162,0.580810547,58.023304,106.587814,22.962956,68.272871,123.60538799999999,104.441963,0.06866,0.39955,0.46930600000000006,0.1142,0.596461,0.60718,451.011937
21,29600,-29600,6359.651999999999,6390.831,6330.016,6351.491,6376.396,6325.834,6359.8330000000005,6393.06771,6327.90309,2.167480469,1.4090331790000001,15.8137207,4.757519722,3.184570313,1.92729497,2.493652344,15.8137207,3.734619141,0.292419434,1.004959345,0.651209116,0.206393883,0.4640055,0.461736441,57.216151,105.807882,24.849058,66.24988,123.12193799999999,106.873811,0.065433,0.38115,0.464606,0.10360899999999999,0.589194,0.604291,454.449895
22,29600,-44400,6359.943,6384.456,6333.826,6351.779,6379.535,6324.893,6360.368,6391.40346,6329.896859,2.420654297,1.4503418209999999,5.1657714839999995,3.163134813,2.41796875,1.425634742,2.420654297,5.6203613279999995,2.458496094,0.342728972,0.688735306,0.501487315,0.236735225,0.44468709799999995,0.38422119600000004,57.6027,108.245244,23.831393,69.63189399999999,124.51407900000001,105.98451899999999,0.068423,0.40325500000000003,0.470333,0.115281,0.593658,0.5989949999999999,441.025755
23,29600,-59200,6360.05,6381.048000000001,6338.604,6350.705,6367.754,6334.705,6361.052,6392.638719,6330.000219,3.2485351560000004,1.851318359,2.8012695310000004,2.243310452,2.065673828,1.5276855230000002,3.2485351560000004,2.9731445310000004,2.500244141,0.386773527,0.43222427399999996,0.517104983,0.265136391,0.308427453,0.407014757,58.451722,108.964349,23.019838,68.61085600000001,129.380719,99.282741,0.069596,0.40520900000000004,0.46490200000000004,0.115772,0.6033609999999999,0.607002,434.982411
24,37000,-7400,6360.347,6382.5509999999995,6337.262,6350.312,6372.964,6327.097,6360.031,6382.860272,6337.468097,3.638671875,2.212988377,8.469482422,4.008398533,2.743408203,1.719140649,3.638671875,8.469482422,3.485107422,0.424153447,0.837202847,0.598967314,0.271185637,0.49930349,0.442373663,60.84855699999999,114.163374,26.639134000000002,71.19382,134.774009,109.88533999999999,0.069137,0.417971,0.485403,0.119583,0.613996,0.624617,463.453479
25,37000,-22200,6360.06,6386.54,6332.3730000000005,6349.715999999999,6366.479,6329.153,6360.102,6392.3709659999995,6326.622106,4.327148438,2.373193264,5.5368652339999995,3.791015625,2.347167969,1.675927758,4.327148438,5.9348144529999995,2.495361328,0.49833279799999997,0.7891194220000001,0.579383433,0.304036498,0.564176142,0.434423834,60.802603000000005,113.94148700000001,27.261584999999997,72.744637,133.163962,111.27186,0.06754500000000001,0.404136,0.48185600000000006,0.113075,0.613426,0.625896,466.25632
26,37000,-37000,6359.922,6387.933000000001,6332.861999999999,6351.557,6374.943,6327.1669999999995,6359.63,6389.580991,6331.104848,1.608886719,1.31728518,5.199951172,3.203418016,3.413085938,1.994238257,1.827148438,5.3972167970000005,3.468505859,0.311222643,0.687197745,0.71748364,0.237879232,0.43793860100000004,0.5547271970000001,58.435534,112.813424,26.786084000000002,68.228372,133.145809,111.14051,0.07088799999999999,0.402963,0.48336599999999996,0.117576,0.6025590000000001,0.6100409999999999,458.231072
27,37000,-51800,6359.181,6373.105,6345.403,6351.544,6382.5830000000005,6320.929,6360.888000000001,6389.614756,6331.66515,3.1665039060000004,1.8610351090000001,7.144042969,3.6977539060000004,2.25,1.566455126,3.5454101560000004,7.2775878910000005,2.601806641,0.36488711799999995,0.8314913509999999,0.535682023,0.23474225399999998,0.501390994,0.412994385,60.423019999999994,111.10623899999999,24.031289,73.19918299999999,137.171886,99.802964,0.07202,0.416054,0.47261000000000003,0.119843,0.6066199999999999,0.612387,441.11772300000007
28,37000,-66600,6359.696,6381.26,6337.170999999999,6350.897,6376.073,6326.71,6361.279,6384.561197999999,6335.841838,5.5974121089999995,2.371582031,3.644287109,2.226367235,2.294677734,1.295703173,5.5974121089999995,3.644287109,2.294677734,0.450260371,0.452794433,0.502612174,0.260464996,0.323346525,0.381755054,59.308797999999996,113.75721499999999,27.863881,70.891823,136.471765,113.115928,0.070142,0.39318600000000004,0.472408,0.11751500000000001,0.59021,0.605699,462.410565
29,44400,0,6357.968000000001,6386.604,6332.813,6348.56,6374.231,6319.134,6359.603,6386.921714,6330.416797999999,2.913085938,1.798242211,9.879394531,4.33139658,3.919677734,2.12070322,2.913085938,9.879394531,3.919677734,0.388064563,0.882895529,0.759612501,0.27077826899999996,0.476135939,0.539975584,61.282891000000006,115.58831599999999,27.373732,71.317068,138.111151,108.965254,0.06951900000000001,0.404378,0.476209,0.119528,0.601194,0.6139819999999999,459.804879
30,44400,-14800,6359.049,6386.331,6334.9169999999995,6349.467,6382.840999999999,6317.139,6359.765,6384.454839,6334.2058640000005,2.8647460939999996,1.988037109,5.082519531,3.1127929689999996,2.869140625,1.444726586,3.3344726560000004,5.2868652339999995,2.869140625,0.410969436,0.728828371,0.557756364,0.280078322,0.48977825,0.44652220600000003,61.101318000000006,115.426996,27.635078000000004,73.73624000000001,135.650877,115.84103300000001,0.06926,0.396169,0.479072,0.122055,0.608278,0.619808,472.753712
31,44400,-29600,6359.531,6380.334,6338.894,6350.353,6376.12,6323.284000000001,6359.385,6386.03105,6334.031266,2.440917969,1.7155761719999998,3.578369141,2.937255859,4.793457031,2.367431641,2.531005859,3.953857422,4.793457031,0.363710254,0.621235847,0.805547714,0.26661834100000004,0.46176773299999996,0.557698667,60.353632999999995,117.102861,25.797784,73.01154,138.2828,115.81158899999998,0.071495,0.400074,0.472141,0.122676,0.601759,0.6121880000000001,460.300425
32,44400,-44400,6359.842,6385.246999999999,6331.630999999999,6350.83,6383.933000000001,6320.227,6360.977,6383.307798,6336.698574,1.8371582030000002,1.447021484,4.264892578,2.959082127,22.76245117,6.105200291,1.9284667969999998,5.2053222660000005,22.76245117,0.330064684,0.6398963329999999,3.068808317,0.25052166,0.45358440299999997,1.228656054,62.14283199999999,119.863825,29.629695,72.02342800000001,137.411173,115.931325,0.07445700000000001,0.411599,0.48305699999999996,0.130209,0.609245,0.623624,472.28936799999997
33,44400,-59200,6359.385,6390.464,6327.891,6351.14,6378.955,6321.74,6360.585,6385.210978,6335.342489,2.190429688,1.427490234,8.799072266,3.337011814,2.8696289060000004,1.8410644530000002,2.7026367189999996,8.799072266,2.8696289060000004,0.302224755,0.75612241,0.647167385,0.214487225,0.41377749999999996,0.533647478,62.277768,116.412149,27.980017,74.424812,137.970805,114.93713100000001,0.073297,0.40027199999999996,0.49083000000000004,0.128778,0.602228,0.6172270000000001,475.59618600000005
34,51800,-7400,6359.096,6381.835,6335.696,6349.294,6375.9,6322.265,6359.879,6383.668537,6335.052621,2.8647460939999996,1.441552758,3.9609375,2.633300781,11.71386719,4.3214845660000005,2.8647460939999996,4.159179688,11.71386719,0.36401087,0.642837465,1.792380452,0.237567797,0.448855668,0.959204733,64.839201,124.124931,29.242121,77.742476,147.49796,121.510669,0.076036,0.428375,0.502471,0.133353,0.625538,0.6416189999999999,487.68198499999994
35,51800,-22200,6359.757,6380.081999999999,6338.9890000000005,6348.093000000001,6376.751,6317.866,6359.632,6385.9626579999995,6332.576806,2.717041016,1.729492188,5.318847656,2.93686533,3.647216797,2.315087795,2.895751953,5.352783203,4.695800781,0.361430794,0.6763358709999999,0.807114422,0.264425665,0.468978226,0.584581316,61.383363,122.30600600000001,28.765564,78.074306,145.11416599999998,121.12251,0.074638,0.408742,0.490646,0.126922,0.61153,0.625051,480.14459000000005
36,51800,-37000,6358.983,6384.124,6335.995,6349.834,6382.233,6317.843000000001,6360.553000000001,6376.9276469999995,6342.560922,2.646240234,1.70097661,4.412109375,2.475097656,3.185546875,1.8914062980000002,2.844726563,4.412109375,4.087158203,0.34713512700000004,0.548365355,0.652646899,0.24229753,0.41201168299999996,0.42041808399999997,63.018702000000005,122.20414099999999,27.205821999999998,75.72991800000001,145.274617,110.81398200000001,0.075889,0.41936,0.484404,0.130633,0.615704,0.623275,465.022493
37,51800,-51800,6359.104,6373.138000000001,6344.816,6350.297,6376.036,6328.811,6360.865,6390.65381,6328.762272,2.518066406,1.3815429209999999,3.681396484,2.400634766,5.6022949220000005,2.52016592,2.764404297,3.681396484,5.6022949220000005,0.311988592,0.532203376,0.922615647,0.221950203,0.394545525,0.594360948,62.562583999999994,120.167382,28.149581,74.288949,141.20504,114.876659,0.074102,0.411948,0.488799,0.128911,0.606596,0.620286,467.88508099999996
38,51800,-66600,6358.151999999999,6388.201999999999,6328.303000000001,6351.49,6373.528,6325.2609999999995,6360.544,6379.585785,6340.3337280000005,3.200195313,1.460009813,5.456542969,3.067968845,3.232177734,2.01801753,3.200195313,5.456542969,3.253173828,0.29777348,0.623044312,0.6973344090000001,0.19405387300000002,0.40876171,0.57038331,63.764392,123.765042,29.835625,76.98542900000001,151.586782,125.55941200000001,0.07493999999999999,0.410862,0.480922,0.12950599999999998,0.611668,0.622668,470.313416
39,59200,0,6359.678000000001,6379.691999999999,6336.125,6346.84,6356.6630000000005,6337.985,6358.218000000001,6383.943840999999,6333.862932,3.3911132810000004,1.622802734,3.0405273439999996,2.24760747,3.9243164060000004,1.947021484,3.688476563,3.235595703,3.9243164060000004,0.38027408700000004,0.507564187,0.66293323,0.22477302,0.35981857799999994,0.500855386,68.128344,129.83547,31.82897,82.5146,156.991973,132.740307,0.07873,0.443363,0.510516,0.137053,0.648655,0.6607109999999999,501.1405
40,59200,-14800,6358.491999999999,6380.384,6336.32,6347.630999999999,6374.056,6320.789000000001,6359.848000000001,6386.131647,6332.135076,5.739257812999999,2.143701077,10.2878418,4.209472656,6.298339844,2.9708495139999997,5.739257812999999,10.2878418,6.57421875,0.449906319,1.014666319,1.041695833,0.270834208,0.570610762,0.6579162479999999,66.561237,129.21784399999999,30.08772,81.70269499999999,156.713234,123.675574,0.08064400000000001,0.433267,0.501412,0.139628,0.633356,0.649274,497.215038
41,59200,-29600,6359.331,6380.831,6337.463000000001,6349.855,6373.305,6326.493,6360.399,6388.669091,6330.665565,3.274658203,2.221874952,4.067138672,2.844482422,2.463623047,1.670947313,3.485351563,4.7888183589999995,2.62109375,0.426501721,0.60053885,0.56422168,0.29518201899999996,0.437218279,0.424016118,64.73410600000001,125.264147,27.903906,78.348235,149.624515,118.08313799999999,0.076237,0.414495,0.498383,0.137041,0.629536,0.639281,483.750578
42,59200,-44400,6359.419,6377.431,6339.001,6349.186,6364.246999999999,6335.249,6360.772,6392.7544689999995,6327.709881000001,5.050048828,2.308495998,2.964599609,2.07636714,9.278808594,3.022314548,5.050048828,3.328369141,9.278808594,0.529170394,0.45353555700000003,1.224264741,0.329475701,0.328373402,0.654710412,65.662837,128.951877,30.007976,79.557485,149.15871,120.395602,0.081893,0.43235200000000007,0.5012939999999999,0.13936099999999998,0.6249979999999999,0.6367430000000001,485.63956900000005
43,59200,-59200,6358.871999999999,6382.826999999999,6334.914000000001,6348.97,6369.473000000001,6329.713000000001,6360.818,6385.272814,6335.003924000001,2.152099609,1.51171875,3.013916016,2.36894536,5.4765625,2.49672842,2.161621094,3.0512695310000004,5.4765625,0.332717597,0.48177132,0.9157240990000001,0.24579992899999997,0.340390116,0.58697021,65.77640600000001,128.564646,30.306390000000004,77.471374,152.28599,128.83723,0.079127,0.42602299999999993,0.491713,0.139952,0.626124,0.6379199999999999,476.55817300000007
44,66600,-7400,6358.418000000001,6380.924,6337.108,6348.501,6367.156,6328.701999999999,6360.098000000001,6387.433043,6331.5310420000005,2.523925781,1.452734351,10.21142578,4.460205078,4.464111328,3.0645995139999997,2.523925781,10.21142578,5.5056152339999995,0.319925398,1.1098096370000001,0.9473631379999999,0.22923222199999999,0.624191821,0.625435174,67.695449,132.51458300000002,32.935845,80.993285,158.58388300000001,137.924628,0.08012899999999999,0.42931,0.508424,0.137087,0.634239,0.646177,499.41005
45,66600,-22200,6359.059,6386.755,6331.371,6348.062,6368.369000000001,6327.428000000001,6358.493,6389.271517,6328.750555,4.305175781,1.966552734,4.2990722660000005,2.619775295,4.487060547,2.182568312,4.305175781,4.2990722660000005,4.487060547,0.421514541,0.554052949,0.790069461,0.279943138,0.395154685,0.574583769,66.455446,130.37188899999998,29.128794,81.44667199999999,155.405004,116.78936599999999,0.080403,0.430609,0.49094499999999996,0.138352,0.625501,0.635542,479.15364800000003
46,66600,-37000,6358.974,6379.460999999999,6338.368,6351.186,6372.859,6326.3330000000005,6360.104,6382.688585,6336.388019,10.08398438,4.080566406,5.069824219,3.46484375,21.3515625,6.51108408,10.08398438,5.931152344,21.3515625,0.7463347909999999,0.667722762,2.634271145,0.36125198,0.46256664399999997,1.2914428709999999,65.011882,129.374403,32.513117,75.446365,150.275014,131.156727,0.081389,0.419965,0.49899099999999996,0.137519,0.611712,0.625071,489.23444299999994
47,66600,-51800,6358.392,6387.918000000001,6333.181,6350.215,6369.698,6329.493,6359.715,6391.040508,6328.230041,2.365966797,1.8063476090000001,4.8493652339999995,2.7134766580000003,4.0842285160000005,2.384863377,2.372070313,5.337890625,4.0842285160000005,0.399949819,0.616212189,0.9033044579999999,0.30819124,0.395504653,0.7132873540000001,66.446976,130.17064399999998,32.352263,81.053747,155.241283,128.315689,0.08067,0.421838,0.495997,0.14088699999999998,0.6185149999999999,0.632391,485.231052
48,66600,-66600,6358.38,6380.335999999999,6339.363,6350.093000000001,6368.840999999999,6329.93,6359.276,6387.070949,6331.278722999999,2.206298828,1.486181617,5.8562011720000005,3.381249905,40.087158200000005,9.441245079,2.290771484,5.8562011720000005,40.087158200000005,0.34973833,0.635851681,5.300484657,0.245326832,0.36844846600000003,2.113090754,66.618422,132.591824,32.290397999999996,80.542097,159.077075,133.528615,0.082565,0.425741,0.484796,0.14304,0.618729,0.627496,481.005911
49,74000,0,6357.228,6378.6140000000005,6334.323,6347.024,6361.835,6333.43,6358.889,6389.641979999999,6327.413407,2.010498047,1.423681617,5.287597656,2.9887695310000004,6.647949219,3.0756347180000003,2.055664063,5.287597656,6.647949219,0.31837567699999997,0.6396731139999999,1.041143417,0.239007682,0.442440182,0.686388552,69.53481500000001,132.895538,30.4366,84.982659,158.69101,125.286281,0.08166,0.435382,0.493526,0.14247,0.63002,0.638592,477.23015899999996
50,74000,-14800,6358.311,6365.769,6351.069,6348.284000000001,6379.411,6316.996999999999,6359.276999999999,6389.680474,6328.164522,3.12890625,2.040380955,9.115478516,4.244433403,6.7282714839999995,3.5189452169999997,3.12890625,9.115478516,7.2595214839999995,0.378738791,0.84832114,1.197160125,0.26037091,0.561560571,0.850311577,68.882563,133.724095,28.205103,83.824167,157.839687,120.355355,0.083713,0.440902,0.48791599999999996,0.14241199999999998,0.628652,0.6340399999999999,473.94172000000003
51,74000,-29600,6358.465999999999,6383.888000000001,6333.849,6348.2609999999995,6375.746,6320.8640000000005,6359.089,6387.860474,6330.113115,4.696777344,2.7643554210000003,8.580566406,3.472363234,4.464111328,2.39516592,4.696777344,8.580566406,4.488769531,0.521828234,0.780660033,0.963676929,0.343053311,0.468670815,0.715984464,67.33653699999999,133.427626,31.656233,82.814171,157.624368,132.190143,0.081751,0.419613,0.489097,0.138977,0.608544,0.626676,487.14675800000003
52,74000,-44400,6358.5509999999995,6378.223000000001,6341.214,6348.1990000000005,6371.382,6329.198,6359.594,6385.157902,6333.9361420000005,2.535400391,1.91494143,2.6987304689999996,2.030029297,3.5854492189999996,1.954101563,2.535400391,2.874755859,3.5854492189999996,0.44932904799999995,0.415901959,0.680209517,0.341542691,0.308946192,0.460018307,69.50237299999999,138.074711,34.195442,85.306945,160.95378,133.58848999999998,0.08619,0.44561999999999996,0.509822,0.14821600000000001,0.634147,0.644096,488.471
53,74000,-59200,6358.479,6384.041,6332.258000000001,6349.568,6369.798000000001,6328.767,6359.794,6392.003403,6326.646666,2.413330078,1.632665992,3.952392578,2.870654345,5.216064453,2.461279392,2.413330078,3.952392578,5.216064453,0.358590364,0.58092916,0.847376883,0.27046448,0.411123723,0.604852319,70.189963,136.594689,31.882894,85.190965,164.89835,130.977892,0.085734,0.442863,0.5020979999999999,0.151329,0.6357229999999999,0.6456,490.213383
54,81400,-7400,6358.283,6388.298000000001,6328.307,6347.936,6371.35,6324.812,6359.375,6391.352406,6326.301071,7.859375,3.2806639669999997,4.2951660160000005,2.881591797,3.0356445310000004,2.100341797,7.859375,4.566894531,3.0356445310000004,0.616315901,0.656620085,0.692087948,0.306311905,0.469487429,0.53344363,74.628587,144.459673,34.275386,88.964241,174.053472,130.620258,0.088274,0.46774899999999997,0.521407,0.150909,0.657423,0.6698890000000001,508.441615
55,81400,-22200,6359.111,6384.339,6332.893,6348.223000000001,6379.069,6316.563,6358.365,6383.932581,6333.021333,13.11889648,5.259277344,6.8103027339999995,3.3673338889999997,5.8034667970000005,2.852294922,13.40307617,6.8103027339999995,5.87109375,1.114853621,0.832610607,1.017461777,0.521674037,0.537061632,0.695126951,72.243279,141.986103,34.16493,87.2994,172.31956100000002,138.093932,0.08766,0.447166,0.51582,0.148313,0.648506,0.6583100000000001,515.883873
56,81400,-37000,6358.621999999999,6387.041,6328.723000000001,6349.03,6365.526,6328.9580000000005,6359.228,6386.025205,6331.727036,4.390136719,1.91015625,5.7805175779999995,3.043066502,3.7094726560000004,1.97416997,4.390136719,5.8547363279999995,3.7094726560000004,0.395750493,0.597145915,0.709584057,0.268019259,0.389334112,0.5119583010000001,71.288746,141.738698,34.375797999999996,84.29919699999999,167.534061,136.703035,0.08753999999999999,0.45497200000000004,0.515838,0.150693,0.645986,0.649737,506.624781
57,81400,-51800,6358.923000000001,6368.971,6348.255,6348.198,6365.717,6334.153,6359.376,6377.877411,6340.255561,2.6958007810000004,1.936865211,4.434814453,2.95527339,3.489257813,2.291259766,2.6958007810000004,4.8459472660000005,3.935546875,0.417810798,0.620701075,0.689193785,0.311470985,0.442528635,0.495085746,68.707068,137.240591,34.277832000000004,82.43092,164.165411,133.455705,0.084607,0.434411,0.508447,0.147224,0.624474,0.643831,500.24463
58,81400,-66600,6358.1140000000005,6386.545,6336.108,6348.243,6372.475,6325.228,6357.695,6383.219417,6334.343982,8.856201172,3.0268065930000003,3.871826172,2.649609327,8.738769531,3.698437452,8.856201172,3.871826172,8.738769531,0.668575644,0.560775399,1.3665236230000002,0.33631658600000003,0.41564875799999995,0.9654543999999999,70.906611,139.75814499999998,33.293239,85.863156,172.825456,132.58516200000003,0.085812,0.43532600000000005,0.49575,0.148221,0.623595,0.629909,487.01109800000006
59,88800,0,6356.1140000000005,6374.547,6339.0509999999995,6347.113,6378.6669999999995,6315.607,6358.254,6389.427447,6326.797962,3.5229492189999996,2.115624905,11.08813477,5.191699028,22.51293945,6.369824409,3.5229492189999996,11.08813477,22.51293945,0.395543098,0.9282675979999999,3.126073837,0.265164435,0.517324388,1.240090966,72.867293,139.644605,31.888578999999996,86.560901,175.51359399999998,126.86161499999999,0.08229199999999999,0.44136800000000004,0.49722700000000003,0.148589,0.638295,0.6490199999999999,481.253741
60,88800,-14800,6358.974,6373.06,6345.3369999999995,6347.321,6378.411999999999,6314.884,6358.218000000001,6394.754064,6322.443363,3.392333984,1.970458984,5.963867187999999,3.579101563,7.6223144529999995,3.3951172830000003,3.392333984,6.6203613279999995,7.989746094,0.420951426,0.8696541790000001,1.228100419,0.282630205,0.582225978,0.7633972170000001,73.812611,143.318066,30.977281,90.003237,171.194225,130.267731,0.088637,0.456251,0.493667,0.153887,0.6384890000000001,0.646404,481.09282699999994
61,88800,-29600,6360.95,6389.047,6328.625,6346.096,6367.383000000001,6326.33,6359.835,6386.462393,6331.400264,5.823730469,2.2748534680000003,4.130859375,2.811572313,6.8244628910000005,3.014746189,5.823730469,4.130859375,6.8244628910000005,0.566736937,0.592995107,1.134370208,0.334724963,0.43682578200000005,0.7639581559999999,72.14788,144.009425,35.979929,87.417328,173.313674,150.05641,0.08737400000000001,0.43344799999999994,0.49841499999999994,0.15173399999999998,0.620571,0.637857,505.906979
62,88800,-44400,6358.427,6385.625,6334.38,6349.053000000001,6371.8640000000005,6322.911,6359.982,6380.930875,6338.264968,3.526367188,2.2686524390000002,15.47021484,5.3903808589999995,4.509033203,2.420556545,3.526367188,15.47021484,4.509033203,0.47549897399999996,1.354060054,0.843975842,0.351608962,0.662064254,0.623202205,71.777652,145.089762,36.794773,88.240412,173.23214,143.65251999999998,0.088951,0.44500100000000004,0.504158,0.151274,0.63278,0.647932,503.01731500000005
63,88800,-59200,6358.717,6380.156999999999,6334.685,6348.295,6369.221,6329.279,6360.361999999999,6384.472779,6334.339139,2.829345703,2.1576659680000003,2.694335938,2.030956984,29.88867188,7.2312498089999995,3.114257813,2.802001953,29.88867188,0.47582984,0.518071532,4.059407711,0.3333731,0.393669426,1.479929209,71.53669599999999,140.38965,30.955846,85.795753,172.18043600000001,132.71430900000001,0.086452,0.441341,0.48971899999999996,0.153347,0.6266189999999999,0.631869,471.480494
64,96200,-7400,6358.967,6376.774,6340.0380000000005,6347.8730000000005,6361.01,6335.081,6359.375,6384.612232,6333.747363,9.995117188,3.262158155,4.120605469,2.842041016,2.530029297,2.188720703,9.995117188,4.120605469,2.920166016,0.731327415,0.621820986,0.6838079690000001,0.316258907,0.461336195,0.5434814689999999,74.93535,146.842605,31.786231,87.703755,172.595518,134.034564,0.092034,0.467318,0.501159,0.16428199999999998,0.638981,0.645502,488.151329
65,96200,-22200,6359.314,6390.354,6327.670999999999,6346.5830000000005,6376.598000000001,6317.156,6359.57,6385.37171,6331.925198,11.07446289,4.4138183589999995,16.01196289,4.8732423780000005,3.926025391,2.729443312,11.07446289,16.01196289,4.171142578,0.904956698,1.399855852,0.879254043,0.45626655200000005,0.6961610909999999,0.6073217989999999,73.93110300000001,147.648119,35.658685,90.192334,175.403967,143.332648,0.087328,0.445905,0.504046,0.15223,0.640424,0.643573,501.97883600000006
66,96200,-37000,6358.51,6381.102,6334.328,6347.9490000000005,6381.389,6314.746,6359.388000000001,6389.498811,6328.256327,2.581787109,1.930224657,3.254882813,2.789794922,5.6892089839999995,2.391113281,2.581787109,3.770263672,5.6892089839999995,0.44128844100000003,0.640823781,0.841332018,0.344154686,0.484155834,0.5491027829999999,73.025624,147.79951200000002,35.060108,87.836871,174.51878100000002,135.019601,0.092389,0.45416599999999996,0.506813,0.157051,0.635258,0.6378119999999999,495.27109
67,96200,-51800,6358.635,6386.306,6331.4580000000005,6347.57,6378.495,6317.235,6359.919,6383.721839,6334.543532,3.150634766,2.0005860330000003,3.846923828,2.8548827169999997,6.5695800779999995,3.654247999,3.150634766,3.846923828,6.5695800779999995,0.46003305899999997,0.554273307,1.28255558,0.345796138,0.396612942,0.9222412109999999,72.572405,142.424101,36.085093,89.163431,170.531717,139.663513,0.083311,0.430033,0.500737,0.15124400000000002,0.624197,0.632792,493.421159
68,96200,-66600,6356.71,6379.188,6340.005999999999,6348.088000000001,6368.153,6327.32,6357.717,6390.407301,6326.676273,3.8745117189999996,1.817968726,7.7897949220000005,3.893701077,3.188476563,2.236230373,3.8745117189999996,7.7897949220000005,3.74609375,0.41014611700000003,0.809406161,0.839652359,0.29215592100000004,0.508738339,0.6728408929999999,71.879202,146.07624099999998,37.192559,85.545827,173.58087700000002,146.053807,0.090177,0.43364300000000006,0.49303400000000003,0.15603699999999998,0.614182,0.624609,496.386662
69,103600,0,6356.137,6388.241,6326.052,6347.533,6375.148,6317.366,6357.004,6388.879835,6326.135754999999,4.833007813,2.708691359,7.1857910160000005,3.5220704080000003,9.173583984,4.180175781,5.7565917970000005,7.374511719,9.639648438,0.567527652,0.7847389579999999,1.596111655,0.361992538,0.487304688,0.89680326,75.66305600000001,147.83085,32.241188,92.534961,175.431484,138.485503,0.090473,0.46143199999999995,0.495662,0.159579,0.641931,0.645319,478.83946799999995
70,103600,-14800,6358.773,6384.884,6332.106,6345.316999999999,6376.106,6314.701999999999,6358.121999999999,6376.575648,6340.655388,7.247070312999999,2.827197313,3.908203125,2.9467284680000003,5.088623047,3.291064501,7.247070312999999,4.370605469,5.229736328,0.596497774,0.660508454,1.11181426,0.333505452,0.48182246100000004,0.822166741,75.317042,151.430644,32.341278,89.92588,178.426948,139.527347,0.091626,0.46619499999999997,0.503591,0.159859,0.6391060000000001,0.642911,491.93847400000004
71,103600,-29600,6359.255,6387.5,6333.444,6346.16,6378.263000000001,6315.161,6359.424,6387.502893,6330.041124,11.77807617,4.937207222,6.128417969,3.8731932639999997,12.76098633,5.1042966839999995,11.77807617,6.128417969,12.76098633,0.97500813,0.83423686,2.0510127540000003,0.496756643,0.618344605,1.1727868320000001,75.32364399999999,150.728157,32.251868,92.650114,175.95418999999998,141.245111,0.089996,0.45697200000000004,0.499985,0.150886,0.641808,0.644087,488.175622
72,103600,-44400,6358.488,6388.093000000001,6329.653,6347.437,6372.409000000001,6324.847,6359.304,6377.843312,6340.6473240000005,3.6723632810000004,2.3256347180000003,3.4711914060000004,2.685156345,4.1071777339999995,2.640331984,3.897705078,3.475830078,4.1071777339999995,0.518407524,0.6512312889999999,0.903523326,0.39152029200000005,0.48547512299999995,0.693007171,76.195256,153.293408,35.816047999999995,90.408937,176.618606,143.901391,0.09186699999999999,0.462649,0.509875,0.156868,0.639286,0.646043,493.756221
73,103600,-59200,6358.055,6387.142,6329.853,6347.3330000000005,6371.105,6323.541,6358.584,6387.297437,6330.102962,5.540527344,3.0854003430000003,5.278076172,3.163330078,21.91235352,6.195996284,5.540527344,5.278076172,21.91235352,0.619321287,0.708351851,3.086616278,0.393955946,0.511261225,1.376912475,76.826065,152.27658300000002,33.642986,92.51776600000001,181.08926100000002,140.603602,0.095829,0.46821499999999994,0.498302,0.164166,0.6393989999999999,0.637288,488.130717
74,111000,-7400,6358.53,6381.213000000001,6335.630999999999,6346.439,6375.71,6319.566999999999,6359.1630000000005,6380.4090590000005,6336.591456,4.2790527339999995,2.681982517,4.999511719,2.869384766,18.91479492,5.901904106,5.16015625,4.999511719,18.91479492,0.538501441,0.608430922,2.591802597,0.355271161,0.44518134,1.239176035,77.829504,157.55494099999999,33.531325,93.020852,178.69036599999998,145.693523,0.09336599999999999,0.479146,0.509641,0.1626,0.651742,0.655099,494.86332699999997
75,111000,-22200,6359.145,6384.016,6332.948,6345.815,6358.331999999999,6335.925,6357.88,6388.087345,6328.642704999999,7.923339844,3.790625095,4.750976563,2.851806641,5.638671875,3.155322313,7.923339844,4.750976563,5.638671875,0.817608535,0.6816294190000001,1.119287372,0.478822023,0.495238096,0.7751785520000001,75.41429699999999,153.347893,33.886212,93.234503,179.487855,144.371948,0.08887,0.46064499999999997,0.503303,0.1521,0.642879,0.647687,493.196134
76,111000,-37000,6359.233,6383.6630000000005,6330.857,6349.433000000001,6363.843000000001,6334.085,6359.548000000001,6388.042584000001,6330.327233,3.1215820310000004,2.143310547,4.969970703,3.706054688,9.660400391,4.666699409,3.1215820310000004,4.969970703,12.53564453,0.476679146,0.793967843,1.814471006,0.35055649299999997,0.5793156620000001,1.079105854,75.690789,152.924293,34.910743,89.401319,178.02588500000002,145.785951,0.09203,0.45944799999999997,0.503973,0.157743,0.635073,0.6391819999999999,488.619892
77,111000,-51800,6358.007,6377.828,6338.683000000001,6349.53,6373.526999999999,6323.945,6358.972,6375.737814,6342.442229,3.96484375,2.895654202,4.0078125,2.257910252,4.559814453,2.994238377,4.358886719,4.0078125,4.742675781,0.58165592,0.485999405,0.96649009,0.410711348,0.34755986899999997,0.74271059,75.454942,152.210969,35.1401,90.845259,178.153303,143.594673,0.092067,0.45710200000000006,0.506328,0.15848900000000002,0.6399279999999999,0.646975,488.202817
78,111000,-66600,6356.349,6383.01,6331.991999999999,6347.515,6360.988,6333.041,6357.473000000001,6382.370054,6333.4691920000005,5.9765625,2.993164063,4.774169922,2.426904202,12.66308594,4.493505955,6.1477050779999995,4.774169922,12.66308594,0.555624008,0.586570084,1.9109025000000002,0.327891111,0.403607249,1.1178931,76.229548,155.75873,37.708918,92.72905,180.492312,148.403527,0.093277,0.45137299999999997,0.498507,0.1596,0.631567,0.635301,501.32588799999996
79,118400,0,6355.821999999999,6380.359,6331.258000000001,6345.983,6353.384,6338.829000000001,6356.84,6381.892772,6332.722092,2.577148438,1.7391113040000001,3.4926757810000004,2.580420017,10.54223633,5.175879002,2.751708984,3.4926757810000004,10.54223633,0.389774919,0.512896657,1.7210434680000002,0.28678810600000004,0.357910365,1.091947913,79.75790699999999,157.25516100000002,33.338704,95.17618900000001,180.57169199999998,145.911893,0.095752,0.47883000000000003,0.497263,0.16880599999999998,0.6442220000000001,0.6497649999999999,489.33418099999994
80,118400,-14800,6357.626,6379.173000000001,6335.898,6345.774,6376.995,6313.531999999999,6358.309,6388.196761,6328.879261,7.2277832029999995,2.8341307639999997,12.2668457,5.499853611,6.953125,3.780517578,7.2277832029999995,12.2668457,6.953125,0.651384056,1.152399063,1.315951586,0.358732492,0.740304053,0.887897313,79.207583,160.03399299999998,33.885505,96.755988,183.95265600000002,150.542393,0.095726,0.478828,0.5122260000000001,0.166955,0.6519189999999999,0.654462,504.246803
81,118400,-29600,6359.036999999999,6379.198,6339.664000000001,6347.278,6376.483,6316.678000000001,6358.526999999999,6387.66123,6330.689435,3.6274414060000004,2.326269627,4.430175781,3.2357909680000003,3.667236328,2.137841702,4.660888672,4.817626953,3.667236328,0.518724859,0.649800956,0.759513676,0.360796422,0.47790521399999997,0.615780354,79.78153,160.965995,33.833261,96.530509,183.166823,146.646897,0.09536599999999999,0.475275,0.501308,0.16716199999999998,0.65251,0.656532,496.72150300000004
82,118400,-44400,6358.585,6384.941999999999,6332.67,6347.071,6376.4580000000005,6320.772,6358.774,6384.838537,6333.58101,3.184326172,2.000781298,13.32226563,6.1628417970000005,14.16357422,7.0602540970000005,3.184326172,13.32226563,19.76831055,0.422768265,1.185325265,2.56551528,0.29973641,0.648877025,1.4381148819999998,78.94729,160.675288,36.20177,96.94195400000001,184.846174,152.880054,0.095848,0.473708,0.513315,0.164328,0.650309,0.654141,497.39677699999993
83,118400,-59200,6357.255999999999,6378.375,6336.053000000001,6346.675,6370.8009999999995,6325.281,6358.172,6384.152017,6333.042487,11.46777344,5.0564451219999995,9.499511719,3.866259813,3.970458984,2.809912205,11.94702148,9.499511719,5.144042969,1.005537629,0.79728967,0.936320245,0.501378894,0.427080423,0.688705146,79.643284,160.13298899999998,36.1466,94.420833,187.410306,150.995576,0.095165,0.46659399999999995,0.505957,0.164103,0.644817,0.6487,499.107395
84,0,0,6356.658,6380.563,6331.93,6346.401,6378.244000000001,6316.5,6357.405,6388.953555,6325.679082,3.07421875,2.197949171,6.21875,3.989599705,4.8063964839999995,2.812939405,3.231201172,6.886230469,6.6955566410000005,0.416332275,0.80070281,0.9787298440000001,0.27590543,0.512937069,0.6930370929999999,84.70829599999999,165.986279,38.575193,104.478427,195.319123,154.800162,0.10086200000000001,0.495781,0.537991,0.173551,0.679096,0.686305,522.32335
85,0,-14800,6359.981,6385.241,6335.266,6348.57,6365.679,6330.685,6360.161,6389.614278,6331.319516,4.311279297,2.760107517,5.5964355470000005,2.8731932639999997,2.657470703,2.23046875,4.311279297,5.5964355470000005,2.9174804689999996,0.521580398,0.657961369,0.7146987920000001,0.333296955,0.474041194,0.570315838,87.649206,172.6218,43.941835,105.050168,200.90436200000002,166.523889,0.103895,0.501862,0.5722,0.18482300000000002,0.693723,0.7080420000000001,558.623749
86,0,-29600,6359.81,6387.578,6333.142,6348.826,6378.433000000001,6318.395,6360.437,6391.381840999999,6329.991496,4.183105469,1.82246089,21.79736328,11.08896446,4.600097656,3.0115723610000003,4.183105469,23.18457031,5.045410156,0.44231507200000003,1.949013233,0.967814505,0.287889451,0.946083307,0.6869015690000001,87.973096,173.539801,41.239452,106.998273,204.093725,157.810271,0.103592,0.50485,0.561369,0.181847,0.6954319999999999,0.701434,544.494224
87,0,-44400,6361.307,6382.566,6338.590999999999,6348.941,6368.175,6327.548000000001,6362.258000000001,6376.229809,6346.92565,6.40625,2.918701172,4.80859375,4.074560642,5.0915527339999995,2.968798876,6.40625,5.245361328,5.0915527339999995,0.6438102720000001,0.844011605,1.1318399909999999,0.367806673,0.633818746,0.8471630809999999,86.44014,172.65766399999998,37.494541999999996,103.974901,201.699305,155.755626,0.10391500000000001,0.512475,0.553465,0.178022,0.691267,0.694656,528.814523
88,0,-59200,6360.4259999999995,6385.055,6336.257,6349.116999999999,6366.353,6333.6630000000005,6361.2,6375.801358,6345.533031,11.27685547,4.171728611,10.0012207,4.559814453,4.697753906,3.314746141,11.81713867,10.0012207,4.728027344,0.958498478,0.9384645220000001,1.053163052,0.439305902,0.58828187,0.825291455,87.48862700000001,173.77236299999998,38.858810999999996,105.889729,198.154779,164.086296,0.10349100000000001,0.513273,0.558208,0.17963800000000002,0.701646,0.703217,531.833631
89,7400,-7400,6357.024,6379.826999999999,6335.505999999999,6347.129,6374.019,6319.745,6358.3859999999995,6381.389986,6336.908788000001,3.83984375,2.096045017,5.052246094,3.28945303,3.502929688,2.313476563,3.83984375,5.416503906,3.526367188,0.496563941,0.70887208,0.780848622,0.345376581,0.48684775799999996,0.616422415,87.12083299999999,174.040937,43.323668,104.553505,204.573248,170.898324,0.10107200000000001,0.499374,0.5623090000000001,0.179647,0.694916,0.702044,547.119337
90,7400,-22200,6358.704000000001,6376.451999999999,6341.045,6339.298000000001,6380.547,6260.954000000001,6358.9130000000005,6389.844975999999,6327.326421,7.9470214839999995,2.989257813,39.29174805,26.29272461,9.927734375,4.300927639,7.9470214839999995,41.96240234,10.22119141,0.649990261,5.041152954,1.6236945390000002,0.336194813,3.11055541,0.951428235,86.646582,174.614592,43.195562,101.918705,200.093277,166.662624,0.100728,0.49395500000000003,0.548107,0.17821900000000002,0.684401,0.696268,537.78147
91,7400,-37000,6360.187,6389.5,6328.227,6335.8859999999995,6374.429,6284.505,6360.79,6394.229675,6325.151282,2.364257813,1.810546875,31.61694336,18.85600662,3.436523438,2.4424805640000002,2.599853516,32.60205078,3.5913085939999996,0.391043425,4.594357014,0.76148212,0.278513014,3.072348833,0.602416396,87.798045,175.032644,46.968338,104.79799999999999,199.720171,173.533377,0.104334,0.486418,0.540597,0.18449400000000002,0.6679689999999999,0.689041,551.567039
92,7400,-51800,6359.179,6389.616,6328.746999999999,6347.99,6373.245,6324.1990000000005,6359.996999999999,6398.028947999999,6323.13718,5.034667969,2.905175686,5.9055175779999995,3.3100097180000003,3.318359375,2.326464891,5.034667969,5.9055175779999995,3.323974609,0.569473565,0.7664867040000001,0.7790898079999999,0.38139271700000005,0.555301189,0.598142982,85.97139,172.97303200000002,42.884271000000005,99.897251,203.762361,165.06286200000002,0.10099999999999999,0.48582,0.543237,0.178564,0.668253,0.683709,538.3007719999999
93,7400,-66600,6358.226,6385.4169999999995,6337.588000000001,6348.575,6379.441999999999,6318.255,6359.467,6380.012955,6339.571993,4.727783203,2.72416997,4.9899902339999995,3.659033298,3.0473632810000004,2.135009766,4.742675781,5.333984375,3.085205078,0.6200627679999999,0.797673225,0.7657446859999999,0.401536733,0.572478712,0.60786134,86.828889,171.42859099999998,41.598912,105.74108700000001,199.863709,163.910652,0.101361,0.48513,0.529185,0.17706,0.666342,0.675742,524.574192
94,14800,0,6356.613,6378.651999999999,6336.02,6345.219,6375.8240000000005,6311.875,6356.848000000001,6379.6344149999995,6334.712622999999,7.3046875,3.096874952,5.234375,3.148535252,4.572265625,2.525781155,7.3046875,5.234375,4.869140625,0.64961493,0.660326779,0.8293309809999999,0.348632365,0.471364379,0.57006377,89.491341,173.01353999999998,39.431272,108.089727,204.207256,158.191459,0.102577,0.5022260000000001,0.538191,0.18087899999999998,0.679323,0.682265,512.727454
95,14800,-14800,6357.927,6378.762,6338.576,6342.669,6373.194,6286.175,6359.02,6382.4355909999995,6334.969696,8.043701172,3.4895508289999997,27.76147461,12.88242149,5.9611816410000005,3.482421875,8.043701172,27.76147461,5.9611816410000005,0.689773917,2.464858294,1.198787212,0.37276387200000005,1.445807934,0.924371362,88.775995,175.45501000000002,44.131638,107.69199499999999,204.959665,170.32143,0.103126,0.49473500000000004,0.5438529999999999,0.180849,0.675245,0.686906,535.900742
96,14800,-29600,6358.774,6385.253000000001,6334.581999999999,6324.194,6388.178000000001,6211.709,6359.9259999999995,6385.452265,6331.269875,12.60913086,4.110205173,61.94262695,39.67050934,4.890136719,3.282031298,12.60913086,67.88989258,5.123779297,1.119879842,8.235963821,1.0615838770000001,0.504124641,4.891583443,0.758984387,87.451757,177.146838,47.253151,104.604274,206.198599,173.623169,0.101082,0.481386,0.5338689999999999,0.17582899999999999,0.66206,0.67569,536.056414
97,14800,-44400,6358.813,6375.321,6345.601,6345.554,6370.941999999999,6313.904,6359.111,6389.426971,6328.717962,4.476074219,2.44179678,17.50927734,10.08569336,23.43505859,7.093847752,4.594726563,17.50927734,23.43505859,0.46721094799999996,2.160269976,3.208456993,0.291723758,1.309963822,1.39852047,88.919875,178.185423,43.381562,107.47261100000001,207.236221,168.762604,0.10422200000000001,0.49192700000000006,0.533871,0.18108,0.667684,0.679322,533.040045
98,14800,-59200,6358.682,6385.138000000001,6332.889,6348.453,6366.3240000000005,6327.991999999999,6359.297,6381.749185000001,6337.961219,4.219482422,2.094726563,9.585205078,4.226025581,2.5,2.12563467,4.219482422,9.585205078,2.738037109,0.48760739,1.012622952,0.71923095,0.308817625,0.645449877,0.6032269,88.47081899999999,175.422247,42.039071,107.52921699999999,202.932232,169.16745,0.100797,0.486396,0.531503,0.178927,0.679683,0.681686,526.421332
99,22200,-7400,6357.944,6375.57,6339.771,6344.87,6372.91,6316.677,6359.403,6375.048071,6341.818241,5.2712402339999995,2.223779202,5.5471191410000005,3.9251952169999997,4.300048828,2.78188467,5.2712402339999995,5.5471191410000005,4.300048828,0.475337416,0.7761809829999999,0.955106437,0.27735987300000003,0.546194792,0.702898562,91.510129,179.46978700000003,41.780893,111.191621,212.48722400000003,163.20117,0.106275,0.507371,0.5380729999999999,0.186282,0.689346,0.693642,529.296161
100,22200,-22200,6357.911,6375.278,6340.66,6344.485,6370.267,6314.651,6357.7119999999995,6390.637289,6325.1775259999995,2.463623047,1.932226539,14.13720703,9.690234184,10.25952148,3.571923733,2.506347656,14.13720703,10.25952148,0.418053061,1.89483428,1.466417909,0.290058821,1.183206201,0.8051208259999999,91.535178,186.94908,47.092642,110.364616,216.192605,178.48307,0.110671,0.513817,0.561298,0.196167,0.6953060000000001,0.7048760000000001,560.927963
101,22200,-37000,6357.501,6383.978,6333.063,6339.646,6387.148,6278.3769999999995,6359.996999999999,6384.362899000001,6332.979060000001,3.252685547,2.388037205,41.21069336,21.45903397,41.45092773,10.55034161,3.252685547,43.5234375,41.45092773,0.499770969,5.1575160030000005,5.339082241,0.358468413,2.698594809,2.099087238,89.871296,180.244695,42.005567,106.254552,213.89104300000002,163.599409,0.10353499999999999,0.49929300000000004,0.538393,0.18291400000000002,0.6795260000000001,0.683227,524.954431
102,22200,-51800,6360.029,6391.0509999999995,6328.057,6347.505999999999,6376.397,6319.14,6360.823,6382.274848,6337.64264,5.9504394529999995,3.9061036110000003,9.489013672,4.661572456,5.145996094,2.817285061,7.3112792970000005,9.489013672,5.356689453,0.7430258390000001,0.951592922,0.944217265,0.431116551,0.597101569,0.661309838,89.547942,176.835961,44.573378000000005,111.66716699999999,207.798108,170.56715,0.102239,0.48507,0.547953,0.183281,0.6717380000000001,0.688439,541.2497070000001
103,22200,-66600,6359.142,6386.153,6331.02,6347.4580000000005,6375.0419999999995,6319.679,6359.0,6389.978503,6327.130532,5.309082031,2.5385253430000003,7.555175781,4.286669731,3.377197266,2.0298340319999997,5.309082031,7.555175781,3.377197266,0.549549401,0.8955407740000001,0.7409440279999999,0.376458168,0.631823778,0.573400855,87.40523,177.13226,43.335383,106.3741,206.972121,174.08571899999998,0.101026,0.48564399999999996,0.526464,0.178808,0.657933,0.670515,520.962267
104,29600,0,6356.4619999999995,6381.89,6329.929,6343.354,6362.01,6326.931,6355.835999999999,6380.140217,6333.242024,2.619384766,1.704052687,5.615722656,3.1694335939999996,9.883300781,4.698144436000001,2.619384766,5.615722656,10.78442383,0.381691754,0.704206467,1.6224374769999999,0.274436057,0.498000741,1.020806909,91.685917,179.616178,44.954516,108.726502,213.97632799999997,170.540375,0.104196,0.49371099999999996,0.53455,0.17969300000000002,0.6741010000000001,0.682596,528.312283
105,29600,-14800,6358.566999999999,6377.931,6340.846,6347.291,6379.1230000000005,6314.555,6359.346,6376.439821,6340.285137,6.21875,3.090576172,8.399902344,6.6183595660000005,6.598632812999999,3.672168016,7.140136719,9.143310547,8.758789063,0.652464211,1.181870937,1.304326177,0.408566415,0.7846472259999999,0.8826080559999999,92.195251,181.63294399999998,43.887177,107.673869,213.339943,164.932639,0.105103,0.492763,0.535304,0.181341,0.673157,0.683371,524.943488
106,29600,-29600,6358.599,6378.993,6339.001,6345.2880000000005,6375.994000000001,6312.941,6357.618,6390.610178,6325.970954,2.296630859,1.746337891,18.48168945,8.763867377999999,3.673583984,2.20463872,2.452392578,18.48168945,3.673583984,0.385956883,1.912548542,0.7458408470000001,0.283946157,1.14800179,0.589450359,90.197753,178.306039,43.030473,108.189916,210.887043,162.079321,0.100574,0.48251099999999997,0.528284,0.180091,0.666622,0.673416,521.061173
107,29600,-44400,6358.974,6378.637,6339.513000000001,6347.278,6369.1359999999995,6324.221,6358.414000000001,6387.875482,6330.222093,3.8491210939999996,2.4227538109999998,9.037841797,3.890673876,5.497070312999999,3.245800734,4.091308594,9.037841797,5.497070312999999,0.48376691299999997,0.858581901,1.042006612,0.315350473,0.5568331479999999,0.717479229,94.853332,188.051051,51.364533,113.79037,223.02901,187.930329,0.107329,0.49942,0.565355,0.188913,0.691217,0.70544,567.918
108,29600,-59200,6357.963000000001,6385.164000000001,6336.172,6346.326,6371.141,6316.783,6359.915,6383.25539,6334.247090999999,3.758056641,2.021533251,11.9128418,5.388085842000001,3.011474609,2.0318360330000003,3.758056641,12.52685547,3.011474609,0.43008580799999996,1.093841195,0.7148408890000001,0.28650349399999997,0.645929635,0.556512117,91.858174,184.832239,45.234463,110.66058600000001,215.434895,182.23986499999998,0.10434600000000001,0.49819399999999997,0.541722,0.186836,0.682958,0.691403,535.502527
109,37000,-7400,6357.189,6377.358,6337.38,6345.68,6375.43,6315.679,6358.478,6384.761775999999,6332.165499000001,6.104003906,2.800439358,9.587158203,4.6501464839999995,14.2734375,5.6953125,6.11328125,9.940429688,14.2734375,0.603177845,0.988745332,2.223388195,0.348579794,0.607476771,1.17243588,93.4327,187.277254,46.096796000000005,115.595428,220.841587,181.2125,0.10499700000000001,0.50035,0.54916,0.182533,0.6834180000000001,0.693211,536.575668
110,37000,-22200,6357.852,6383.84,6329.785,6346.31,6374.525,6297.718000000001,6358.093000000001,6388.075649,6327.733172,2.736572266,1.562060595,25.2956543,10.5,8.017822266,3.912158251,2.736572266,25.2956543,8.017822266,0.37815839100000004,1.964334249,1.3219357729999999,0.27774784,0.9426350590000001,0.95924437,92.997827,188.693195,46.989746999999994,111.05054399999999,213.96604900000003,176.816418,0.10903199999999999,0.508889,0.552326,0.189273,0.6870069999999999,0.691861,544.0806190000001
111,37000,-37000,6359.045,6376.946,6340.6269999999995,6346.718000000001,6367.54,6325.0019999999995,6358.7480000000005,6386.876785,6331.163364999999,6.1477050779999995,2.829980373,6.8737792970000005,3.404687405,13.95361328,4.543408394,6.1477050779999995,6.8737792970000005,13.95361328,0.604423165,0.775466323,1.982998729,0.34798735399999997,0.542017519,1.058007836,93.010048,186.408567,47.268073,112.61604399999999,219.036866,179.10278300000002,0.105946,0.498133,0.544502,0.189441,0.678462,0.6877489999999999,537.5406849999999
112,37000,-51800,6358.238,6373.339,6344.685,6345.244000000001,6376.92,6311.05,6359.686,6375.307665,6343.252176,6.0158691410000005,2.8471679689999996,17.11279297,8.069775581,3.234130859,2.594775438,6.0158691410000005,17.11279297,3.772460938,0.632833242,1.472452879,0.805692255,0.404454052,0.8325095770000001,0.609965801,94.32016800000001,187.92861299999998,47.381229,111.959425,221.125815,176.437084,0.108581,0.502514,0.55415,0.189074,0.689067,0.6990890000000001,544.990497
113,37000,-66600,6359.919,6379.905,6337.6230000000005,6345.878000000001,6370.557,6321.755,6357.073,6387.856142000001,6328.618450999999,8.109863281,3.0880370139999997,6.461914062999999,3.743164063,3.9448242189999996,2.778564453,8.109863281,6.461914062999999,4.072265625,0.706905305,0.854972363,0.860971987,0.38872447600000004,0.575498462,0.65191251,91.04320799999999,182.740486,48.465764,110.26635,217.767749,184.34702099999998,0.104745,0.479764,0.533018,0.18149400000000002,0.654737,0.672553,531.2757320000001
114,44400,0,6356.514,6384.193,6328.161999999999,6345.1140000000005,6374.054,6316.069,6357.781,6371.979146,6341.692392,5.734863281,2.9666504860000003,10.12084961,4.830468655,8.374755859,4.381933688999999,5.734863281,10.12084961,8.374755859,0.567695022,0.997067094,1.4233988519999998,0.352428764,0.66405654,0.9105080959999999,93.89584599999999,188.016473,47.525052,117.266035,218.196875,180.469661,0.106255,0.49927,0.539,0.18626099999999998,0.6760609999999999,0.687782,530.7377349999999
115,44400,-14800,6358.321999999999,6380.238,6339.786,6345.185,6374.644,6316.375,6357.427,6371.502777000001,6343.123268,4.807617188,2.743066311,6.140625,3.791748047,3.256103516,2.43320322,4.872070313,6.4372558589999995,3.315673828,0.529773057,0.773858905,0.766720772,0.34361729,0.570250809,0.61124754,97.48724200000001,195.016891,48.673006,117.992465,228.629964,189.41321100000002,0.10885,0.520228,0.559565,0.193046,0.708045,0.714958,554.5279099999999
116,44400,-29600,6358.06,6383.243,6333.008000000001,6345.891,6366.87,6324.681,6358.809,6373.202543,6342.71782,3.122802734,2.025341749,8.439208984,6.320898532999999,3.3627929689999996,2.3993163109999998,3.122802734,8.439208984,3.4047851560000004,0.46647560600000004,1.224718451,0.789016783,0.325259387,0.8146650790000001,0.628011465,94.66820799999999,190.506451,48.937732000000004,115.68835200000001,220.869031,183.701518,0.108223,0.498379,0.550221,0.188829,0.680021,0.688593,543.865047
117,44400,-44400,6359.306,6378.854,6340.295999999999,6345.982,6367.51,6322.579000000001,6359.484,6384.334354,6334.002192,10.42114258,3.3931152819999997,10.5871582,4.834863186000001,3.622070313,2.710498095,10.42114258,10.5871582,3.647460938,0.8826410170000001,0.967280507,0.927231789,0.42622733100000004,0.610305309,0.738563538,94.045478,192.68569499999998,48.413569,114.67519899999999,220.95247400000002,189.95413,0.10773599999999998,0.504078,0.541611,0.18871400000000002,0.6845760000000001,0.6906800000000001,534.368742
118,44400,-59200,6358.318,6371.933000000001,6344.936,6345.745,6371.053000000001,6319.471,6358.805,6383.302346,6334.212656000001,2.389160156,1.6800292730000002,13.49536133,5.6378908160000005,4.348876953,3.033447266,2.541748047,13.49536133,4.8474121089999995,0.40565919899999997,1.14686358,1.065042377,0.288456678,0.677998364,0.842655003,95.26701899999999,192.488644,46.537306,116.99591000000001,226.627357,177.939578,0.108402,0.508633,0.5443640000000001,0.189593,0.685466,0.693384,527.241301
119,51800,-7400,6357.342,6378.331,6335.991999999999,6345.618,6375.526999999999,6316.366999999999,6358.254,6386.109851,6330.7598020000005,5.386230469,2.8412108419999997,8.281494141,4.435644627,6.428222656,3.9100098610000003,6.2570800779999995,8.281494141,6.428222656,0.572905481,0.9318478109999999,1.312533259,0.333740771,0.61411202,0.912598252,96.862249,194.288764,51.162937,119.43829199999999,229.140062,196.220271,0.107301,0.505721,0.56008,0.188777,0.6907989999999999,0.699058,553.876097
120,51800,-22200,6357.874,6381.76,6335.8369999999995,6331.772,6389.576999999999,6228.973000000001,6358.484,6393.5067770000005,6318.929067,3.684326172,2.500097752,63.50561523,42.88603592,3.570556641,2.775341749,3.9770507810000004,66.42675781,4.454589844,0.45539218200000003,9.899026871,0.947583497,0.289969355,6.332703114,0.771937847,96.09226600000001,192.642798,48.421186,117.211651,224.79079,182.74828,0.107332,0.5084069999999999,0.551639,0.191212,0.693962,0.696671,539.352261
121,51800,-37000,6357.552,6385.634,6329.607,6345.382,6369.404,6320.44,6358.09,6386.762825,6328.2711850000005,5.048095703,2.456591845,10.34326172,5.7199220660000005,3.6088867189999996,2.825390577,5.048095703,10.86303711,4.461425781,0.573815882,1.2208446259999999,0.845226288,0.329692453,0.7960866090000001,0.6406064029999999,93.197296,192.385256,50.848526,114.852277,223.80500099999998,193.443329,0.10600699999999999,0.490642,0.5318189999999999,0.188324,0.671395,0.676396,535.037096
122,51800,-51800,6358.397,6387.776,6329.063,6344.956,6375.451999999999,6309.823,6358.726,6382.220303,6335.747392,9.859375,5.2843751910000005,6.6345214839999995,3.940527439,5.481933594,2.961181641,10.53295898,6.6345214839999995,5.481933594,0.9232741,0.8468008640000001,1.023706913,0.487215877,0.60792625,0.72820127,92.539292,189.89327,49.873951,109.609268,223.11510099999998,189.585069,0.10569300000000001,0.48361800000000005,0.533767,0.184565,0.6594939999999999,0.675298,535.99797
123,51800,-66600,6357.673000000001,6382.523,6337.4259999999995,6345.021,6371.884,6318.74,6359.446,6374.771125,6341.861796,5.7780761720000005,2.678662062,10.18310547,4.321972847,7.3303222660000005,4.803271294,5.7780761720000005,10.18310547,9.75,0.598892152,0.9323438409999999,1.564633131,0.35885152200000003,0.596764028,1.105440974,91.823109,187.533805,46.124749,111.70675700000001,226.409596,181.113707,0.10466700000000001,0.49049799999999993,0.52258,0.184482,0.663387,0.668949,510.93075899999997
124,59200,0,6357.243,6376.272,6337.352,6344.762,6367.338000000001,6323.059,6357.388000000001,6386.491115999999,6325.711014,3.060791016,1.7839844230000002,3.582275391,2.831005812,5.9792480470000005,2.932714939,3.060791016,4.337158203,5.9792480470000005,0.38297170399999997,0.637393177,1.043634653,0.265140623,0.465165108,0.8121304509999999,99.545737,197.49639299999998,46.429291,122.531599,231.34386,181.459555,0.10927100000000001,0.524346,0.546653,0.18831199999999998,0.7100029999999999,0.718225,531.923055
125,59200,-14800,6356.848000000001,6377.984,6336.153,6345.536,6366.896,6325.161999999999,6358.448,6388.766844,6327.341885,3.013916016,2.01499033,5.4304199220000005,3.8626952169999997,4.6306152339999995,3.1763672830000003,3.013916016,5.4304199220000005,5.3239746089999995,0.413710982,0.8178915379999999,1.0182050470000001,0.28927943100000003,0.6321420670000001,0.802016616,98.964449,196.67523799999998,48.736349,121.437785,227.895608,186.180491,0.10766700000000001,0.508043,0.542408,0.190977,0.6887939999999999,0.696593,533.912811
126,59200,-29600,6358.228,6384.539000000001,6331.768,6345.004,6372.304,6316.596,6358.281,6381.344673,6335.014166,3.387695313,2.646582127,7.6394042970000005,4.17539072,6.678710937999999,3.3001952169999997,3.565673828,7.6394042970000005,7.148925781,0.519085228,0.902359664,1.152089953,0.36411550600000003,0.647019029,0.797990084,97.078572,196.478385,48.730951,116.381619,225.29389799999998,194.350723,0.105083,0.499352,0.543805,0.184013,0.680901,0.693037,532.56553
127,59200,-44400,6357.677,6382.371999999999,6332.345,6345.571999999999,6366.272,6324.035,6358.22,6382.621811,6335.220717,6.578613281,2.660302639,4.487792969,3.406347752,11.95532227,5.5891113279999995,6.578613281,4.692626953,14.28271484,0.560872436,0.738575161,2.0771634580000002,0.311057329,0.5479486579999999,1.34138763,97.078572,196.478385,48.730951,116.381619,225.29389799999998,194.350723,0.105083,0.499352,0.543805,0.184013,0.680901,0.693037,532.56553
128,59200,-59200,6358.0419999999995,6384.545,6332.684,6345.786,6372.97,6317.566999999999,6358.951999999999,6392.111684,6323.691707999999,2.253417969,1.964941382,4.879882813,3.407324314,3.170166016,2.566504002,2.661621094,4.991210938,3.521240234,0.44266387799999996,0.7116853,0.8544256090000001,0.316277713,0.533767223,0.70340091,98.205138,196.58881,44.979842,118.12061100000001,229.39387599999998,180.507337,0.10928,0.514112,0.526867,0.194994,0.678856,0.685319,516.190017
129,66600,-7400,6358.2,6376.866,6338.576,6345.436,6377.768,6312.513000000001,6357.701999999999,6390.33245,6324.408413,3.9213867189999996,2.076269627,21.85644531,6.597509861,4.284423828,3.4194335939999996,3.9213867189999996,21.85644531,4.284423828,0.438848019,1.531238079,1.064219117,0.300522357,0.729048312,0.82799685,96.00895600000001,195.973503,44.438248,118.276771,231.375646,178.3476,0.105208,0.505586,0.520984,0.189219,0.68192,0.686812,508.16414100000003
130,66600,-22200,6356.481,6379.519,6332.745,6346.972,6371.9490000000005,6326.73,6358.272,6382.691167,6332.480348,8.610107422,3.357128859,7.485839844,4.708886623,4.1975097660000005,2.8149414060000004,8.610107422,7.485839844,4.3083496089999995,0.716095328,0.9377675059999999,0.9563235040000001,0.39579924899999996,0.654173255,0.738639832,94.587585,196.07897,48.491367,115.41543100000001,222.39682799999997,188.370177,0.103565,0.48987299999999995,0.528,0.183619,0.670255,0.676721,523.970747
131,66600,-37000,6358.589,6371.536999999999,6345.194,6339.773,6386.275,6275.1140000000005,6357.107,6388.530733,6325.554382,5.5778808589999995,2.827783108,37.71704102,16.41181564,4.756835938,3.651318312,5.5778808589999995,45.35107422,5.203125,0.582715213,4.82533884,1.216550231,0.382695943,2.290264845,0.941540539,94.587585,196.07897,48.491367,115.41543100000001,222.39682799999997,188.370177,0.103565,0.48987299999999995,0.528,0.183619,0.670255,0.676721,523.970747
132,66600,-51800,6357.938,6387.543000000001,6328.175,6345.3640000000005,6364.898,6324.735,6358.677,6389.833028,6327.07685,6.1484375,2.818749905,9.424072266,5.330517769,9.593017578,3.589941502,6.1484375,9.424072266,9.593017578,0.7226413490000001,1.155364394,1.355555534,0.45066306,0.722538888,0.806209385,95.403221,195.854904,48.676034,115.254322,218.90300499999998,183.906399,0.10400899999999999,0.48889399999999994,0.518592,0.18465499999999999,0.662459,0.670501,517.165475
133,66600,-66600,6357.272,6390.441999999999,6326.380999999999,6345.505999999999,6375.736,6313.859,6356.186,6391.976728000001,6322.047245000001,3.816650391,2.214013577,5.9885253910000005,3.587841749,5.444335937999999,3.7603516580000003,3.816650391,5.9885253910000005,6.3562011720000005,0.484500676,0.78750217,1.2491159440000001,0.35401123799999995,0.568831205,0.943443,97.151273,194.621679,44.410539,117.122615,227.73050800000001,176.841863,0.10488099999999999,0.500683,0.514981,0.189432,0.669669,0.675242,507.05442999999997
134,74000,0,6357.174,6381.592,6330.255,6344.6,6369.608,6320.469,6355.361999999999,6381.364208,6331.581258,4.231933594,2.487060547,5.8522949220000005,4.349462986,4.796875,3.026416063,4.3063964839999995,5.958496094,4.796875,0.515257537,0.9274610879999999,1.042048812,0.339461684,0.66239202,0.838592529,94.294928,192.664487,49.679035999999996,112.78088899999999,226.847698,188.462881,0.10364000000000001,0.48035200000000006,0.522779,0.184097,0.6579649999999999,0.667706,518.902217
135,74000,-14800,6357.493,6377.236,6338.656,6346.73,6374.241,6318.255,6358.361,6384.459412,6331.148063000001,3.578857422,1.943994164,9.182617188,4.962548733,11.96801758,6.068799019,3.578857422,9.182617188,12.25366211,0.46818351700000005,0.958303094,2.082236528,0.337876469,0.623268127,1.279426932,98.867358,197.919447,44.668634999999995,119.72459099999999,229.39618,179.253985,0.107715,0.506203,0.524378,0.19000999999999998,0.681146,0.6834899999999999,513.6952349999999
136,74000,-29600,6358.276,6383.456999999999,6332.779,6345.255,6364.8369999999995,6324.518,6357.326,6386.234362,6327.958668,5.1447753910000005,2.41835928,5.490234375,3.69467783,25.42944336,7.529199123,5.1447753910000005,5.490234375,25.42944336,0.546588838,0.761319876,3.6372613910000005,0.34314668200000004,0.568372607,1.570467234,98.536472,200.94186100000002,45.468269,122.01998799999998,231.22378199999997,182.231448,0.107052,0.50832,0.523456,0.186891,0.678613,0.681376,511.37459400000006
137,74000,-44400,6357.706999999999,6382.673000000001,6334.874,6344.8369999999995,6377.05,6312.829000000001,6358.08,6386.587171,6329.206301,8.800048828,4.805127144,6.372070312999999,3.669921875,23.32885742,6.921288967000001,9.757324219,6.372070312999999,23.32885742,0.9087363479999999,0.844738185,3.367319822,0.506203651,0.608641624,1.476892114,99.32251600000001,199.972239,43.841618,117.18956200000001,229.846059,178.976151,0.10634400000000001,0.5073,0.5133979999999999,0.191924,0.672737,0.675002,503.566268
138,74000,-59200,6356.499,6377.04,6336.9890000000005,6344.375,6366.66,6318.177,6357.568,6384.586396,6330.542022,3.602783203,2.441650391,8.753417969,4.2214841839999995,11.39746094,5.037988186000001,3.602783203,8.753417969,11.39746094,0.49440994899999996,0.993389428,1.870613575,0.33948475100000003,0.6764686109999999,1.143221378,100.527405,202.13366200000002,46.64889,120.185606,235.112292,185.05240700000002,0.103993,0.508444,0.5219199999999999,0.18806099999999998,0.6796,0.686293,507.39356100000003
139,81400,-7400,6357.254,6376.629,6338.159000000001,6346.054,6373.224,6318.829000000001,6357.86,6384.290896,6330.191233,2.433349609,1.628369093,4.875488281,3.806005955,5.2868652339999995,3.3471679689999996,2.442626953,5.139892578,5.437988281,0.38175153700000003,0.846691787,1.097263455,0.270841569,0.596475661,0.86464721,100.50478000000001,202.401059,50.145790000000005,125.86484399999999,243.532179,198.070564,0.10526400000000001,0.49857799999999997,0.539028,0.188773,0.684546,0.687908,533.275863
140,81400,-22200,6356.701999999999,6378.15,6337.003000000001,6344.835,6374.499,6315.9130000000005,6357.0419999999995,6375.4985130000005,6339.101949,8.135253906,3.722998142,4.633300781,3.1466307639999997,4.4743652339999995,3.296972752,8.135253906,4.633300781,4.8203125,0.75104779,0.7384377120000001,1.0437842609999999,0.43889728200000006,0.518934309,0.808736861,100.935558,205.188254,46.582833,122.41560600000001,235.541736,186.20881599999998,0.109134,0.51847,0.532594,0.192155,0.693752,0.6964670000000001,521.148917
141,81400,-37000,6358.161,6379.596,6335.8,6343.504,6374.106,6312.325,6358.876,6373.991885,6342.659284,7.1057128910000005,2.9712891580000003,18.05908203,10.58520508,10.01538086,3.86264658,7.1057128910000005,18.05908203,10.01538086,0.6782885790000001,2.169904232,1.46167779,0.40481481,1.341751695,0.9837951659999999,100.630415,203.773053,49.223841,120.922445,233.944696,190.919894,0.106574,0.501548,0.527041,0.189676,0.676814,0.6808569999999999,522.375997
142,81400,-51800,6356.915,6382.166,6332.661999999999,6343.448,6367.104,6317.553000000001,6357.815,6387.749686,6328.477925,3.398681641,2.644433498,13.03930664,6.675195217000001,30.16943359,10.55522442,3.760986328,13.03930664,30.16943359,0.552966416,1.4078739880000002,4.293859959,0.401054025,0.863298297,1.9894061090000001,100.664553,204.452049,50.708456,119.592793,232.123047,194.24922,0.108107,0.5018560000000001,0.524005,0.193057,0.6758649999999999,0.678625,524.128821
143,81400,-66600,6358.0830000000005,6380.91,6333.781,6345.009,6371.84,6318.988,6356.37,6383.151235,6330.375650999999,7.5319824220000005,3.161816359,7.3146972660000005,4.362744331,6.4084472660000005,3.858935595,7.5319824220000005,7.341796875,6.4084472660000005,0.709357858,0.890237212,1.31525135,0.427207857,0.616616666,1.041218281,98.96342,199.999659,46.880775,123.31683600000001,236.92858399999997,179.007735,0.10561500000000001,0.5001770000000001,0.520292,0.189493,0.667906,0.675179,508.23974599999997
144,88800,0,6356.016,6374.632,6337.933000000001,6345.26,6369.757,6321.348000000001,6355.885,6382.621255,6329.29662,2.557373047,1.870947242,5.467285156,4.190673828,20.7746582,6.513476372,2.902587891,5.6640625,20.7746582,0.43321529,0.915649176,2.8450267310000004,0.311320782,0.656775832,1.371137381,103.112263,207.33611000000002,48.787625,128.31446200000002,248.82266,188.08976,0.110239,0.5171180000000001,0.532419,0.191375,0.6937770000000001,0.6980850000000001,524.397003
145,88800,-14800,6357.964,6370.757,6344.604,6344.380999999999,6377.3,6311.904,6357.488,6391.31568,6323.112994,4.2912597660000005,3.189208984,5.329101563,4.337841988,17.03271484,7.005468845,4.8942871089999995,5.329101563,17.03271484,0.5892432329999999,0.854293346,2.483407974,0.395602822,0.633964241,1.3859326840000001,102.463267,207.418733,49.378854,123.880656,248.47504300000003,195.37958899999998,0.11031600000000001,0.506375,0.5292279999999999,0.198022,0.6748109999999999,0.6847979999999999,529.005209
146,88800,-29600,6358.755,6385.656,6332.2119999999995,6345.09,6371.893,6318.259,6357.0830000000005,6394.722551,6320.494982,16.24682617,6.056689262000001,6.791503906,4.498046875,3.107177734,2.2368652819999997,16.24682617,6.791503906,3.1811523439999996,1.383539677,0.956586301,0.8082350490000001,0.712557495,0.689118922,0.651513696,102.463267,207.418733,49.378854,123.880656,248.47504300000003,195.37958899999998,0.11031600000000001,0.506375,0.5292279999999999,0.198022,0.6748109999999999,0.6847979999999999,529.005209
147,88800,-44400,6357.701999999999,6389.165,6325.184,6344.755,6365.933000000001,6323.354,6357.547,6375.908261,6339.089411,3.420654297,2.667773485,8.971923828,5.3762207029999995,7.616210937999999,3.686279297,3.614501953,9.249755859,7.616210937999999,0.559131622,1.066405177,1.278218389,0.406908751,0.686712205,0.92204833,101.73441700000001,205.821295,45.90849,122.531145,237.236653,187.214733,0.10789000000000001,0.511501,0.526722,0.191333,0.677624,0.681199,509.46264800000006
148,88800,-59200,6358.036,6385.057,6329.01,6345.765,6377.2480000000005,6314.130999999999,6357.529,6392.9481049999995,6321.483051,6.150878906,2.721533298,6.0588378910000005,3.9564452169999997,6.1701660160000005,3.28867197,6.150878906,6.7707519529999995,6.1701660160000005,0.568152905,0.920451164,1.175358891,0.341191202,0.64558661,0.8831261990000001,101.952777,205.812186,46.041947,127.566635,235.914937,188.464619,0.109547,0.510365,0.512817,0.19237100000000001,0.678141,0.6793140000000001,505.024399
149,96200,-7400,6357.72,6375.201999999999,6338.943,6345.346,6363.875,6325.6990000000005,6356.504,6385.079898,6329.204333,5.6066894529999995,3.310839891,4.864013672,3.111279249,12.828125,5.203466892,6.1257324220000005,4.864013672,12.828125,0.6704679729999999,0.704020202,1.92794168,0.414103925,0.50109607,1.248365164,105.29263200000001,211.71790499999997,55.021114000000004,127.388526,251.47039500000002,210.883319,0.11031500000000001,0.503364,0.542204,0.1969,0.6858390000000001,0.699379,549.354644
150,96200,-22200,6357.859,6371.2609999999995,6343.561,6343.5740000000005,6367.476,6320.451999999999,6358.584,6387.939722,6328.131642,4.537841797,2.492333889,5.871582031,3.9458496569999997,3.3920898439999996,2.225537062,4.848632813,5.871582031,3.3920898439999996,0.514490068,0.903784335,0.7623656990000001,0.334480911,0.682255387,0.587429225,101.78098,209.930782,54.169338,122.843404,246.000235,199.666091,0.108509,0.49543000000000004,0.533254,0.19306900000000002,0.6758930000000001,0.683851,543.825511
151,96200,-37000,6358.474,6378.649,6336.981,6343.91,6369.393,6318.535,6358.812,6382.956656,6333.537393,4.380859375,2.52104497,8.345947266,5.001220703,3.1958007810000004,2.42402339,5.1721191410000005,8.345947266,3.1958007810000004,0.535466015,1.237380981,0.784832358,0.372810245,0.8274736999999999,0.652046502,100.71299300000001,206.005664,50.936161,122.450571,237.28565600000002,189.174958,0.106278,0.49551000000000006,0.519654,0.18750799999999998,0.6633789999999999,0.669358,517.946738
152,96200,-51800,6356.594,6378.704000000001,6335.044,6345.033,6372.392,6314.916,6358.479,6386.725713,6329.620821,5.160644531,3.253857374,8.219726563,5.4386720660000005,14.41064453,5.069482327,5.160644531,8.219726563,14.41064453,0.71395421,1.164590716,2.067658901,0.493353695,0.8609362840000001,1.221601844,102.49086,206.272696,48.764571999999994,126.809036,236.69734,190.768416,0.10983699999999999,0.502674,0.510328,0.189977,0.668748,0.673716,511.493767
153,96200,-66600,6355.619000000001,6381.363,6331.24,6344.066,6369.934,6312.772,6356.355,6394.599344,6315.334645,7.1843261720000005,3.370068312,8.228759766,4.795410156,7.4650878910000005,4.166650295,7.1843261720000005,8.956298828,7.7375488279999995,0.6921116709999999,0.981172204,1.4783585069999998,0.46184405700000003,0.6858658790000001,1.0827026370000001,103.680949,206.767993,46.962838,126.88041899999999,244.085091,187.061692,0.10936900000000001,0.515921,0.530479,0.192721,0.6845319999999999,0.689723,513.662818
154,103600,0,6355.008000000001,6378.519,6334.191999999999,6342.974,6369.938,6316.936,6355.559,6390.741239,6322.470506000001,4.124511719,2.655224562,3.177490234,2.7271485330000003,7.451660156,4.591113091,4.124511719,4.0295410160000005,9.2734375,0.555610776,0.6327338220000001,1.5635645390000001,0.39063400000000004,0.46846526899999996,1.083794236,104.082601,208.52893600000002,48.33783,126.8184,249.912664,191.561646,0.10909300000000001,0.509833,0.519608,0.186468,0.678489,0.68361,515.743209
155,103600,-14800,6357.264,6384.816,6329.419,6344.004,6371.4580000000005,6316.115,6358.751,6378.801090999999,6337.115976,7.2062988279999995,3.9329102039999997,6.051269531,3.632568359,5.553222656,3.5942382810000004,7.8073730470000005,6.051269531,5.8947753910000005,0.732066274,0.846216202,1.1367332940000001,0.433220029,0.61409229,0.851091325,103.83245500000001,209.05401899999998,51.151325,125.98600900000001,242.240375,200.301225,0.10905,0.499421,0.537378,0.193992,0.677027,0.68208,531.312994
156,103600,-29600,6358.093000000001,6388.094,6328.369000000001,6344.651,6363.559,6323.255,6358.65,6387.911878,6327.8125740000005,7.2551269529999995,3.415771484,7.3000488279999995,4.756249905,5.091064453,3.2514648439999996,7.2551269529999995,7.5546875,5.091064453,0.79857558,0.978708386,1.012898326,0.505702734,0.682534695,0.7640380859999999,101.998361,207.359445,47.2474,126.280414,245.580644,191.044324,0.106137,0.50198,0.521586,0.190485,0.675126,0.676913,509.542691
157,103600,-44400,6357.397,6375.831999999999,6341.982,6344.424,6370.684,6320.323,6357.982,6374.056768,6340.565036999999,4.723144531,2.9095702169999997,16.50097656,6.620263577,30.95263672,8.397412300000001,4.723144531,16.50097656,30.95263672,0.669802964,1.4512573480000002,3.8956911560000003,0.46854534700000006,0.792611837,1.700978756,102.755554,209.083225,48.340574,126.036955,234.53621299999998,194.018766,0.109628,0.5072439999999999,0.516401,0.194484,0.670127,0.6732,505.00505
158,103600,-59200,6357.031,6384.486,6328.578,6345.2,6364.728,6323.854,6356.755999999999,6389.428002000001,6324.816737,7.0002441410000005,3.90058589,6.019042969,4.482275486,3.875976563,2.915185452,7.0002441410000005,7.5036621089999995,4.146484375,0.729792118,0.951589108,0.9009884,0.480920315,0.7019655109999999,0.706040978,103.627095,210.01373399999997,47.035354,126.48404,243.47868799999998,193.90974599999998,0.11031700000000001,0.509372,0.510057,0.193385,0.670309,0.673176,506.16251500000004
159,111000,-7400,6356.349,6380.183000000001,6331.831,6343.0109999999995,6375.696999999999,6310.251,6358.234,6391.391945,6323.208742,3.332763672,2.124804735,7.1745605470000005,3.894287109,8.77734375,5.310254097,3.332763672,7.1745605470000005,8.949951172,0.500567675,0.949979782,1.611702681,0.36659473200000003,0.676358819,1.071543574,106.36511100000001,215.012798,48.739507,126.37119299999999,247.512133,194.670454,0.111703,0.51762,0.526148,0.19556400000000002,0.683447,0.686577,521.4583299999999
160,111000,-22200,6358.062,6389.488,6325.77,6345.905,6371.116,6321.092,6357.16,6391.170284000001,6324.366848,6.127929687999999,2.85483408,8.145019531,5.851660252,16.64648438,6.508496284,6.127929687999999,9.23046875,16.64648438,0.6762675640000001,1.279625773,2.794574499,0.47328069799999994,0.9586565490000001,1.6392172569999999,102.469676,212.25637999999998,51.644625,127.11858400000001,246.371991,198.103011,0.108214,0.498404,0.5313220000000001,0.192021,0.6691189999999999,0.6798109999999999,526.930027
161,111000,-37000,6358.0830000000005,6388.391,6326.6759999999995,6345.22,6370.401999999999,6319.148,6357.424,6391.324311,6324.396623,3.786132813,2.520996094,6.4255371089999995,3.9712402819999997,45.1484375,12.39355469,3.786132813,6.6018066410000005,45.1484375,0.582146287,0.829348028,5.97584343,0.424961865,0.5634428260000001,2.5678062440000002,103.453779,213.518792,49.913779,130.546252,248.85209,193.820109,0.108838,0.504095,0.524135,0.191776,0.6734479999999999,0.6773020000000001,513.179633
162,111000,-51800,6358.701999999999,6388.43,6328.111999999999,6344.335999999999,6368.665,6313.815,6357.62,6392.030404,6323.376136999999,3.57421875,2.716503859,9.483154297,6.602099419,5.3298339839999995,3.5893554689999996,3.9077148439999996,9.483154297,6.70703125,0.60187465,1.3600312469999998,1.191290975,0.45340532100000003,0.943044186,0.8601278659999999,103.12568,211.665341,49.226584,123.541648,240.84502799999999,198.967447,0.110002,0.506356,0.52068,0.189979,0.6731550000000001,0.67787,515.6120549999999
163,111000,-66600,6355.601,6383.34,6328.380999999999,6343.201,6365.815,6320.821999999999,6356.194,6379.702121,6331.797477,5.724609375,2.7306151389999997,9.593505859,4.936230659,10.63061523,4.751611233,5.724609375,9.593505859,10.63061523,0.538477957,0.9998097420000001,1.6685464380000001,0.375098228,0.632432997,1.075739741,104.558589,212.21759500000002,47.792198,126.606445,247.89628900000002,197.07278200000002,0.11015599999999999,0.508846,0.517774,0.193966,0.674932,0.679268,514.459703
164,118400,0,6355.081,6375.422,6335.066,6340.23,6372.068,6311.718000000001,6356.408,6379.23624,6333.066335,8.149414063,3.176513672,4.9255371089999995,2.940966845,5.278320313,3.1361815930000003,8.149414063,4.9255371089999995,5.278320313,0.675843775,0.6419768929999999,1.06794858,0.38104382200000003,0.460985959,0.84790647,106.94373600000002,216.008129,50.839265999999995,130.304752,252.561854,202.032144,0.11199100000000001,0.5172479999999999,0.523941,0.19609200000000002,0.685887,0.689102,529.166337
165,118400,-14800,6357.184,6382.054,6331.823,6345.044,6365.299,6323.6759999999995,6357.638000000001,6390.1408200000005,6327.096867,3.376953125,1.940429688,7.5837402339999995,4.51274395,3.947021484,2.956298828,3.55859375,7.5837402339999995,4.2131347660000005,0.516024709,0.911453545,0.984305322,0.370018303,0.634708822,0.771315932,107.10128600000002,213.316192,47.44611,126.627987,248.425308,192.645047,0.11018199999999999,0.5125930000000001,0.522755,0.196364,0.683191,0.686263,518.363776
166,118400,-29600,6358.094,6388.340999999999,6328.915,6344.18,6361.655,6324.25,6358.21,6378.045799,6337.523214,3.328369141,2.181884766,10.64550781,5.325341702,4.842285156,3.106250048,3.328369141,10.64550781,5.058105469,0.550933421,0.920837522,1.064110518,0.427731514,0.573640943,0.8668457270000001,105.896093,215.56276400000002,51.441784999999996,131.047667,253.26348199999998,204.158659,0.107396,0.502007,0.534826,0.194563,0.6819270000000001,0.690354,530.558941
167,118400,-44400,6357.664000000001,6373.441999999999,6340.405,6345.095,6375.165,6316.151,6358.392,6393.125875,6324.530855,3.1655273439999996,2.5717284680000003,4.743652344,3.694287062,21.95019531,6.7062501910000005,3.623291016,4.852783203,21.95019531,0.571192622,0.863618612,3.165077448,0.41961595399999996,0.668534696,1.3994174,108.485097,217.37395800000002,48.168521999999996,133.153724,254.419605,200.067599,0.111047,0.518402,0.526384,0.198159,0.681588,0.684894,522.2647469999999
168,118400,-59200,6355.142,6373.33,6338.246,6345.279,6372.616,6317.718000000001,6358.437,6389.260138000001,6326.020807,6.0676269529999995,2.932812452,7.62109375,4.243456841,3.510498047,2.96445322,6.0676269529999995,7.62109375,4.193359375,0.6275666360000001,0.820492625,0.99462676,0.400018245,0.524616361,0.83595401,112.553577,223.97906099999997,52.978685,140.659129,254.386119,205.102829,0.117752,0.534493,0.5509109999999999,0.21037399999999998,0.7086,0.712287,541.2280860000001
